cas,smiles,h1,h2,homo_ev,lumo_ev,gap_ev,dipole_moment_debye,3and6,4and5,mu,sigma,ei
88-99-3,O=C(O)C=1C=CC=CC1C(=O)O,12,17,-8.984110888108,-0.6887201556155,8.2953907324925,1.2822034393964166,0,0,12.028349438696296,1.9683474854523177,0.00047107597977909775
603-11-2,O=C(O)C1=CC=CC(=C1C(=O)O)N(=O)=O,15,19,-9.4061594702335,-1.8996267903405,7.506532679892999,4.908302645518102,1,0,7.527035293837528,3.2607075667759626,0.00046464744276846284
610-35-5,O=C(O)C1=CC=C(O)C=C1C(=O)O,13,18,-8.289948455482499,-0.5039548511259999,7.785993604356499,2.963805116737604,0,1,9.188919469953419,2.2728621887239164,1.935592245183099e-05
610-27-5,O=C(O)C1=CC=C(C=C1C(=O)O)N(=O)=O,15,19,-9.4339150829845,-1.997859890371,7.4360551926135,6.39552193726204,0,1,6.537521759893721,4.1787714411420875,0.0033054756907431905
528-44-9,O=C(O)C1=CC=C(C(=O)O)C(=C1)C(=O)O,20,18,-9.2075163593685,-1.152130043017,8.0553863163515,1.9379577007767737,0,1,11.81386474158478,2.087848085707755,0.0006586480678735535
89-05-4,O=C(O)C=1C=C(C(=O)O)C(=CC1C(=O)O)C(=O)O,20,23,-9.337858893758002,-1.4568975555769998,7.8809613381810015,3.419398349125179,0,2,10.069503115263458,2.502885669933636,0.0003928238265262004
1885-13-8,O=C(O)C1=CC=C(OC)C=C1C(=O)O,14,21,-8.170218361262501,-0.5477651810565,7.622453180206001,3.7278227640272816,0,1,8.107811508096646,2.52634292534398,1.8800025519217947e-05
569-51-7,O=C(O)C1=CC=CC(C(=O)O)=C1C(=O)O,20,19,-9.184386682076,-0.7714427661675001,8.4129439159085,2.4828779692123413,1,0,9.328721994278254,2.181918938333722,1.1864204273667744e-05
6968-28-1,O=C(O)C1=CC=C(Br)C=C1C(=O)O,13,17,-8.694581751176,-0.849539441261,7.845042309915001,1.3731690864565804,0,1,12.16046573948067,1.987198228272885,0.0006726799226336819
1583-67-1,O=C(O)C=1C=CC=C(F)C1C(=O)O,13,17,-8.899211366752,-0.792395532656,8.106815834096,1.953368887332856,1,0,10.159883725475112,2.082410298407932,2.7884005104986142e-05
137071-78-4,O=C(O)C1=CC(Cl)=C(C(=O)O)C(C(=O)O)=C1Cl,20,19,-8.825196399416,-1.06668629396,7.758510105456001,2.2478380969278016,2,1,9.092189250804438,2.254691640625082,1.3783966078409233e-05
651-97-8,O=C(O)C=1C(F)=CC=C(F)C1C(=O)O,14,17,-8.8450607105025,-0.8704922077495,7.974568502753,0.918522019333233,2,0,10.732452243414642,2.073677280920185,8.23359859885007e-05
320-97-8,O=C(O)C1=CC=C(F)C=C1C(=O)O,13,17,-8.936490964270499,-0.7039585312435,8.232532433026998,1.1932017474006649,0,1,12.184342222294774,1.9605256298835232,0.0005980723270933826
5434-20-8,O=C(O)C=1C=CC=C(N)C1C(=O)O,13,19,-7.4741511316835005,-0.611711935924,6.8624391957595,3.508018085757256,1,0,7.51217133871063,2.462141376648718,3.7524524125271194e-06
2169-87-1,O=C(O)C1=CC=2C=CC=CC2C=C1C(=O)O,16,23,-7.8404163744565,-0.6898086110175,7.150607763439,2.5326000098712784,0,2,10.159892482911943,2.1722333427215172,5.708344396995074e-05
22803-05-0,O=C(O)C1=CC=C(C=C1C(=O)O)C=2C=CC(C(=O)O)=C(C2)C(=O)O,24,28,-8.358249031958,-1.2304988319610002,7.127750199996999,4.30511465700973,0,1,8.377645423892517,2.8288453039320283,0.00018730166271307578
116-69-8,O=C(O)C=1C=CC=C(Br)C1C(=O)O,13,17,-8.68587410796,-0.8209674869585,7.8649066210015,2.104034004002787,1,0,9.98175755167992,2.109738174773904,2.434314314777561e-05
3786-46-7,O=C(O)C=1C(O)=CC=C(O)C1C(=O)O,14,19,-7.778102302692,-1.119476380957,6.658625921735,2.548500580733699,2,0,8.730255604487056,2.324504576793599,1.2174546448475983e-05
89-20-3,O=C(O)C1=CC=C(Cl)C=C1C(=O)O,13,17,-8.809958023787999,-0.8269539916695,7.983004032118499,1.3735086202860178,0,1,12.122899608861559,1.9858360434391067,0.0006236464189054731
4316-23-8,O=C(O)C1=CC=C(C=C1C(=O)O)C,13,17,-8.641791664179,-0.6157936436815,8.0259980204975,2.25191052442143,0,1,10.458504663416335,2.108056187774774,6.24970332397482e-05
14963-97-4,O=C(O)C=1C=CC=C(OC)C1C(=O)O,14,21,-8.1065437202455,-0.6353858409174999,7.471157879328,4.315474756037856,1,0,6.351223984498759,2.785590686725919,6.385526949162989e-06
10351-75-4,O=C(O)C1=CC=2N=CNC2C=C1C(=O)O,15,20,-8.3073637419145,-0.4408244378099999,7.8665393041045,6.223521663013635,0,2,4.3139506740118065,3.835828487889202,0.0001397035538376213
632-58-6,O=C(O)C=1C(Cl)=C(Cl)C(Cl)=C(Cl)C1C(=O)O,16,17,-8.8733605509545,-0.945323516637,7.9280370343175,2.563406620105363,2,2,8.421465649777744,2.3114797697075162,5.922039278482676e-06
37141-01-8,O=C(O)C1=CC(N)=CC(C(=O)O)=C1C(=O)O,22,21,-7.6542905007145,-0.759197642895,6.8950928578195,7.848272277386916,1,1,1.818041619173485,5.042945644816781,0.0007854117443522601
835-58-5,O=C(O)C1=CC=C(C=C1C(=O)O)C(F)(F)F,16,20,-9.2728236834885,-0.9341668487665,8.338656834722,3.5849786066307283,0,1,8.975684711237307,2.501145384521559,6.927452438914498e-05
37102-74-2,O=C(O)C1=CC=CC(=C1C(=O)O)C,13,17,-8.6164850760825,-0.5902149417345001,8.026270134348,2.639867636833332,1,0,8.783872210565434,2.207568165501447,4.8106154541710554e-06
201730-11-2,O=C(O)C1=CC=C(C=C1C(=O)O)C(N)C(=O)O,17,21,-8.631995565561,-0.782599434038,7.849396131523001,2.574404770039086,0,1,10.252907657135793,2.1877491433934826,7.633488507993659e-05
1585-40-6,O=C(O)C=1C=C(C(=O)O)C(C(=O)O)=C(C(=O)O)C1C(=O)O,25,24,-9.469017769699,-1.374174945025,8.094842824674,5.774793525313265,2,1,4.472728885493865,3.7524472262445094,0.00011691150852729702
601-97-8,O=C(O)C=1C=CC=C(O)C1C(=O)O,13,18,-8.241784303944,-0.6587876320605,7.5829966718835,3.851036952562257,1,0,7.079440944203526,2.591652022421595,4.995219369009261e-06
27563-65-1,O=C(O)C=1C=CC=C(Cl)C1C(=O)O,13,17,-8.7900937127015,-0.811987729892,7.978105982809501,2.109936404254877,1,0,9.957893284575619,2.1102063630408563,2.3270052270478513e-05
3807-81-6,O=C(O)C=1C=C(C=C(C(=O)O)C1C(=O)O)N(=O)=O,22,21,-9.635551446205,-2.0688816053515,7.566669840853502,8.13108588320158,1,1,3.4691738681682835,5.487901961006311,0.00616133460994249
2479-49-4,O=C(O)C1=CC=C(C=C1C(=O)O)C(=O)C2=CC=C(C(=O)O)C(=C2)C(=O)O,26,30,-9.0540441476865,-1.455809100175,7.5982350475115,4.47250366237972,0,1,8.487017296626718,2.9401039360639754,0.0003738757457643306
24063-28-3,O=C(O)C1=CC(Br)=C(Br)C=C1C(=O)O,14,17,-8.734854601050001,-1.00682124685,7.728033354200001,2.5087180491238947,0,2,10.723513711261177,2.1891739194166333,0.00018201521955727665
135989-69-4,O=C(O)C=1C=C(C(=O)O)C(=CC1C(=O)O)C(=O)C=2C=CC=CC2,23,27,-8.778937044831,-1.303969571596,7.474967473235,6.609028019308134,0,2,5.187679519457902,4.184993870092983,0.0010908529680306398
577-68-4,O=C(O)C1=CC(OC)=C(OC)C=C1C(=O)O,16,25,-7.768578317924501,-0.5776977046114999,7.190880613313,0.594500311185789,0,2,12.841094280417963,1.9136767183763421,0.001480647324250517
7717-76-2,O=C(O)C1=CC=C(OC2=CC=C(C(=O)O)C(=C2)C(=O)O)C=C1C(=O)O,25,34,-8.2447775562995,-0.8147088683970001,7.4300686879025,1.2404259308801957,0,1,12.298135619867935,1.971317867457712,0.0007837205008005884
5680-10-4,O=C(O)C=1C=C(C(=CC1C(=O)O)C)C,14,17,-8.454305221184502,-0.593752421791,7.860552799393502,2.7613085412535847,0,2,9.65013649411297,2.222699818508977,3.1613795248760395e-05
1072946-35-0,O=C(O)C1=CC=C(C=C1C(=O)O)B(O)O,15,19,-8.9500966567955,-0.8337568379320001,8.1163398188635,4.2603364914053445,0,1,7.792762601678021,2.7654058162368664,5.5820442399783844e-05
14236-13-6,O=C(O)C1=CC=C(C=C1C(=O)O)C(C)(C)C,16,20,-8.629546540906501,-0.5880380309305,8.041508509976001,2.361375381001504,0,1,10.245935717133051,2.1290304871857395,4.8428644954494966e-05
2408642-17-9,O=C(O)C1=CC=C(Br)C(F)=C1C(=O)O,14,17,-8.8164887562,-0.973623357089,7.842865399111,2.414856281437883,1,1,9.768295775350566,2.181840928756973,2.8748644868802227e-05
344309-11-1,O=C(O)C1=CC(Br)=CC(F)=C1C(=O)O,14,17,-8.7732226539705,-0.9793377479495,7.793884906021,1.7479114680097505,1,1,10.77561173450762,2.0641600376508817,8.341182722166295e-05
62268-16-0,O=C(O)C=1C(Cl)=CC(Cl)=C(Cl)C1C(=O)O,15,17,-8.7666919215585,-0.8645057030385,7.902186218520001,1.2750610534401872,2,1,10.201845082751959,2.0998468711593867,3.512173427083754e-05
41819-13-0,O=C(O)C=1C(Br)=C(C(=O)O)C(C(=O)O)=C(Br)C1C(=O)O,21,22,-8.822747374761502,-1.1534906122695,7.669256762492002,4.505593195129804,2,2,5.8975738635345465,3.0227018526279625,1.6037111788709145e-05
3016-76-0,O=C(O)C1=CC=C(C=C1C(=O)O)C(C2=CC=C(C(=O)O)C(=C2)C(=O)O)(C(F)(F)F)C(F)(F)F,33,37,-8.9533620230015,-0.9673647385275,7.985997284473999,5.21972360666731,0,1,6.600249451757591,3.262587122143863,0.0001547589824841115
89-08-7,O=C(O)C1=CC=C(C=C1C(=O)O)S(=O)(=O)O,16,20,-9.4366362214895,-1.1360753258375,8.300560895652001,7.500861459859127,0,1,3.756273201839889,4.809644140829354,0.0018315649332957748
37951-15-8,O=C(O)C1=CC=C(OC=2C=CC=CC2)C=C1C(=O)O,19,28,-8.300560895652,-0.539329651691,7.761231243960999,3.109274682301324,0,1,9.0291324684666,2.3167298137228,2.0257980020436472e-05
56962-06-2,O=C(O)C1=CC=C(Cl)C(Cl)=C1C(=O)O,14,17,-8.86002697228,-0.9635551446205,7.8964718276595,2.362879264795389,1,1,9.82980289964648,2.1700233854547615,2.950791052685716e-05
87639-56-3,O=C(O)C1=CC=C(C#C)C=C1C(=O)O,14,19,-8.5141702682945,-1.026413444086,7.4877568242085,0.6155573978111221,0,1,13.5391208052814,1.941390184618487,0.005351185996357477
56896-91-4,O=C(O)C1=CC=C(C=C1C(=O)O)N2C(=O)C=CC2=O,19,23,-8.80016192517,-1.664792537359,7.135369387811,3.206759319001038,0,1,10.710568169819226,2.462311219729074,0.0008235374182812318
1185302-72-0,O=C(O)C=1C=CC=C(NC(=O)OC(C)(C)C)C1C(=O)O,20,34,-8.129945511388499,-0.759197642895,7.370747868493499,3.063988678177516,1,0,8.431483657245664,2.329752421007744,7.097032980243878e-06
2828433-78-7,O=C(O)C1=CC=C(F)C(Br)=C1C(=O)O,14,17,-8.8069647714325,-0.788585938749,8.018378832683501,2.7606936610207224,1,1,8.93860537367658,2.249009836577949,9.657665575909673e-06
25641-98-9,O=C(O)C=1C=C(Cl)C=C(Cl)C1C(=O)O,14,17,-8.8347203841835,-1.001923197541,7.8327971866425,2.252488743590076,1,1,10.058727429562893,2.150767376555825,3.974889460822955e-05
2167659-32-5,O=C(O)C=1C(F)=CC=C(Br)C1C(=O)O,14,17,-8.637437842571,-0.8144367545465,7.8230010880245,1.547381598055244,2,0,9.717622807150661,2.1250652415130795,1.6092170161189875e-05
16110-99-9,O=C(O)C=1C(Cl)=CC=C(Cl)C1C(=O)O,14,17,-8.655941584405,-0.7164757683665,7.939465816038499,0.7527087218838374,2,0,10.720284824571735,2.055937571993257,7.020435519624365e-05
62268-15-9,O=C(O)C1=CC(Cl)=C(Cl)C(Cl)=C1C(=O)O,15,17,-8.9686003986295,-1.1121293069935,7.856471091635999,3.559856419857408,1,2,8.274248531354132,2.5225350551827064,2.4433415091351565e-05
675139-09-0,O=C(O)C1=CC=C(C=C1C(=O)O)CNC(=O)OC(C)(C)C,21,25,-8.744106471967001,-0.6811009678015,8.0630055041655,4.406165093366339,0,1,7.318725061923132,2.819754163190511,3.7881842050768006e-05
10210-28-3,O=C(O)C=1C=C2C=C3C=CC=CC3=CC2=CC1C(=O)O,20,29,-7.083667756216,-1.2405670444295,5.8431007117865,3.391101422841847,0,2,9.769127104055045,2.46490167781968,0.00020045727685766117
92971-15-8,O=C(O)C1=CC=C(C(=C1C(=O)O)N(=O)=O)N(=O)=O,18,21,-9.75800267893,-2.3023552890805004,7.455647389849499,9.060131102804196,1,1,2.7373108985768084,6.291628653464977,0.014435922669350551
18959-91-6,O=C(O)C1=CC=C(OC2=CC=CC(OC3=CC=C(C(=O)O)C(=C3)C(=O)O)=C2)C=C1C(=O)O,32,45,-8.313622360476,-0.5684458336945,7.7451765267815,5.812796361476979,0,1,5.093395927441307,3.5791271026676306,0.00010986610174255331
1824411-98-4,O=C(O)C=1C=C2C(=CC1C(=O)O)CN(C(=O)OC(C)(C)C)C2,22,25,-8.2703562582465,-0.613888846728,7.656467411518499,3.379533797730095,0,2,8.747266360708693,2.4061596860060406,2.3973699048394253e-05
623904-16-5,O=C(O)C=1C=CC(=CC1)C2=CC(C(=O)O)=C(C=C2C3=CC=C(C=C3)C(=O)O)C(=O)O,36,43,-8.141646406960001,-1.174987606459,6.966658800501001,4.962400073553119,0,2,7.314027570996387,3.1469863435552416,0.00021905344158295323
21278-45-5,O=C(O)C1=CC=C(N=NC2=CC=C(C(=O)O)C(=C2)C(=O)O)C=C1C(=O)O,26,35,-8.421379445273999,-1.885748983965,6.535630461308999,4.108750148159413,0,1,9.689646064364382,2.8514623218860313,0.0011649501084904541
51307-74-5,O=C(O)C=1C=C(C(=O)O)C(=CC1C(=O)O)S(=O)(=O)O,19,23,-9.5971833932845,-1.6226148905315,7.974568502753,8.65726173221071,0,2,3.088468982059368,5.798748082575072,0.008373858140752657
3885-88-9,O=C(O)C1=CC=C(C=C1C(=O)O)C(=O)C=2C=CC=CC2,20,24,-8.741113219611501,-1.3412491691145,7.399864050497001,4.528789490581341,0,1,8.221762785955747,2.949566222474217,0.00027669827056929367
1868072-45-0,O=C(O)C=1C=C(C=C(C1)C2=CC=C(C(=O)O)C(=C2)C(=O)O)C(=O)O,32,30,-8.3509019579945,-0.9923992127735,7.358502745221,3.2486314426231857,0,1,9.580824805434801,2.3915904787909867,9.362514117081198e-05
50276-60-3,O=C(O)C1=CC(OC)=C(OC)C(OC)=C1C(=O)O,18,29,-8.1130744526575,-0.6576991766585,7.455375275999,2.5178727807417114,1,2,9.083308740741089,2.1829155558588047,7.185354603270297e-06
1245212-48-9,O=C(O)C1=CC=C(C=C1C(=O)O)NC(=O)C=2C=CN=CC2,21,25,-8.234165116129999,-1.047638324425,7.186526791704999,4.872239099223272,0,1,7.239304762601549,3.083551876554891,0.0001468528383175116
476-73-3,O=C(O)C1=CC=C(C(=O)O)C(C(=O)O)=C1C(=O)O,22,21,-9.3212599488775,-1.32247331343,7.998786635447501,3.888676168055139,1,1,8.124794556378006,2.674406353516488,5.3130847480258037e-05
1092449-37-0,O=C(O)C1=CC=C(F)C(F)=C1C(=O)O,14,17,-9.0028867437925,-0.7872253694965,8.215661374296,2.574850560712213,1,1,9.216633314330963,2.203760544493153,1.1424996393342052e-05
937647-86-4,O=C(O)C1=CC(Cl)=C(Br)C=C1C(=O)O,14,17,-8.777304361728001,-0.97416758479,7.803136776938001,2.610182143069713,0,2,10.516851351438135,2.2104787880935226,0.00014487305297206663
13810-83-8,O=C(O)C=1C(Br)=C(Br)C(Br)=C(Br)C1C(=O)O,16,17,-8.708731671401999,-0.9123977407265,7.796333930675499,2.086605762955714,2,2,9.078687806187546,2.211321066563858,9.208762629876375e-06
499793-28-1,O=C(O)C1=CC(OC2=CC=C(C(=O)O)C(=C2)C(=O)O)=CC(=C1)C(=O)O,31,29,-8.399066109532999,-1.004644336046,7.394421773486999,3.379372807193666,0,1,9.403117313503031,2.4357491693771496,9.241227312120127e-05
90348-28-0,O=C(O)C=1C=C(C(=CC1C(=O)O)N(=O)=O)N(=O)=O,18,21,-9.789023657887,-2.428344001862,7.360679656025001,9.481184314208852,0,2,3.2836003000504235,6.657869407349809,0.029108674451437777
518-90-1,O=C(O)C1=CC=C(OC)C(OC)=C1C(=O)O,16,25,-8.0825977014015,-0.4933424109565,7.589255290445,6.360190720410828,1,1,3.2409201212486067,3.9377724339975386,6.809165107524075e-05
82520-79-4,O=C(O)C1=CC=C(S)C=C1C(=O)O,13,18,-7.956064760918999,-0.7480409750245001,7.2080237858944995,1.685542319255141,0,1,11.530462295975155,2.0199485101184917,0.0002601361992374176
144876-16-4,O=CC1=CC=C(C(=O)O)C(=C1)C(=O)O,19,17,-9.1852030236275,-1.3684605541645,7.816742469463001,5.014299239175899,0,1,7.547907269045453,3.202877636268958,0.00037391546047957965
13124-84-0,O=C(O)C=1C=C(C(=O)O)C(=CC1Br)C(=O)O,18,20,-8.873088437104,-1.163558824738,7.709529612366,3.048617819602844,0,2,10.162800894207919,2.3465852697735192,0.00018752003642878018
22179-20-0,O=C(O)C1=CC=C(C=C1C(=O)O)S(=O)(=O)N,16,20,-9.312280191811,-1.0555296260895,8.2567505657215,9.03406064402935,0,1,1.8330365933902186,6.019966510465032,0.006033566764057911
2300-16-5,O=C(O)C1=C(C(=O)O)C(=CC=C1N(=O)=O)N(=O)=O,19,18,-9.7375941401425,-2.4645351439785,7.273058996164,0.3213044817614593,2,0,13.868441003250197,2.286344740483047,0.02592737283877139
2639451-53-7,O=C(O)C1=CC=C(C=C1C(=O)O)NC(=O)OC(C)(C)C,20,24,-8.054025747099,-0.654161696602,7.399864050497,5.717844378784719,0,1,5.3695900805318075,3.526279649008652,0.00011921604605629496
1417569-13-1,O=C(O)C=1C(Br)=CC=C(Br)C1C(=O)O,14,17,-8.51716352065,-0.7066796697485,7.8104838509015,0.7295052432984975,2,0,10.737704219486261,2.054431495140137,7.184386185474191e-05
53812-59-2,O=C(O)C=1C=C(C(=O)O)C(C(=O)O)=C(C1C(=O)O)C(F)(F)F,24,25,-9.580584448404,-1.420978527311,8.159605921093,6.444553540005701,1,2,4.630813133799776,4.101471992074854,0.0005103534667555022
479-47-0,O=C(O)C=1C=C(C(=O)O)C(C(=O)O)=C(C1)C(=O)O,23,21,-9.4143228857485,-1.2125393178280002,8.2017835679205,4.11732917071249,1,1,7.606756578566376,2.75501640283741,3.929741716993118e-05
1170416-53-1,O=C(O)C1=CC=C(C=C1C(=O)O)C(=O)OCC,17,21,-9.1628896878865,-1.1428781721,8.0200115157865,3.845013602056565,0,1,8.926211935790334,2.6214480339597293,0.00013392566786083891
63181-80-6,O=C(O)C=1C=CC=C(OC2=CC=C(C=C2)C)C1C(=O)O,20,31,-7.999058749298,-0.687903814064,7.311154935234001,6.33007335344544,1,0,3.6023321251780374,3.9304949692309923,9.715712411211344e-05
1323408-36-1,O=C(O)C=1C=CC=C(OCC2=CC=C(C=C2)CO)C1C(=O)O,22,35,-8.142734862362,-0.6827336509045,7.4600012114575,6.726452118316163,1,0,3.0750058544202687,4.202476010402189,0.00016659193515694082
209324-65-2,O=C(O)C1=CC=C(C(NC(=O)C)=C1C(=O)O)N(=O)=O,19,26,-8.7563515952395,-1.8087407642735,6.947610830966001,9.056427894595087,1,1,2.0452545948756438,6.1705939863803705,0.00857240774363427
4445-58-3,O=C(O)C=1C=CC(=CC1C(=O)O)C=2C=CC=CC2,18,22,-8.0085827340655,-0.872397004703,7.1361857293625,1.9282532665601788,0,1,11.374611332352984,2.06458240889949,0.0002616642488619302
2612386-56-6,O=C(O)C1=CC(F)=C(Br)C=C1C(=O)O,14,17,-8.8031551775255,-0.8615124506830001,7.941642726842501,2.750452653655394,0,2,10.118374961237691,2.2367523591210583,8.445871830246388e-05
99807-59-7,O=C(O)C=1C=C(C(=O)O)C(=CC1Cl)C(=O)O,18,20,-8.9974444667825,-1.197845169901,7.7995992968815,2.8873728283683766,0,2,10.46169922907761,2.303658812828042,0.00023777626145555326
176796-64-8,O=C(O)C1=CC=C(C=C1C(=O)O)C(N)C(=O)O,17,21,-8.636349387169,-0.764639919905,7.871709467264,2.7760466674751707,0,1,9.917505987978117,2.236577467342553,5.828210053913723e-05
2080747-16-4,O=C(O)C1=CC=C(Cl)C(=C1C(=O)O)N(=O)=O,16,19,-9.2238431903985,-1.853095321905,7.370747868493499,5.6889968825795645,1,1,6.340162675839991,3.69928492845734,0.0006769959810737271
4277-02-5,O=C(O)C=1C=C(C=C(C1C(=O)O)N(=O)=O)N(=O)=O,18,21,-9.8812702532065,-2.2623545530570004,7.6189157001495,5.407243636086689,1,1,7.348989442152927,3.6348550315008525,0.00147737365972349
4961-03-9,O=C(O)C=1C=C(C(=O)O)C(=CC1O)C(=O)O,18,21,-8.485054086290999,-0.966004169275,7.519049917015999,3.600695057902016,0,2,9.004681002144608,2.5097911720686734,7.684076229647887e-05
57296-46-5,O=C(O)C1=CC(OC)=C(Cl)C(Cl)=C1C(=O)O,16,21,-8.3302213053565,-0.9303572548595,7.399864050497001,4.121956647030631,1,2,7.134660552766761,2.7247542853074656,1.5074740483801891e-05
2248293-20-9,O=C(O)C1=CC=C(C=C1C(=O)O)CC(NC(=O)OC(C)(C)C)C,23,27,-8.532946123979,-0.648175191891,7.884770932088,2.2574491467140514,0,1,10.505116541087816,2.1108440521910885,6.991629909920824e-05
2088-87-1,O=C(O)C=1C=CC=2C=CC=CC2C1C(=O)O,16,23,-7.821640518771999,-0.9934876681755,6.828152850596499,3.071451497256631,1,1,8.812542318721611,2.3507445456936495,1.7623753839860574e-05
103203-38-9,O=C(O)C1=CC(OC)=CC(=C1C(=O)O)C,15,21,-8.042052737677,-0.465314684355,7.576738053322,4.01218808382658,1,1,6.507868594126023,2.645735543260936,2.768841014748536e-06
219537-88-9,O=C(O)C1=CC=C(C#CC=2C=CC=CC2)C=C1C(=O)O,20,29,-7.6912979843825,-1.1758039480105,6.515494036372001,2.057549379723364,0,1,11.673410925991973,2.1109332826309815,0.0005911491946939415
76284-57-6,O=C(O)C1=CC=C(F)C(=C1C(=O)O)C(F)(F)F,17,20,-9.2390815660265,-0.8046406559285,8.434440910098001,3.596901052294878,1,1,7.706814781211918,2.506675679542294,7.869451449746213e-06
325780-76-5,O=C(O)C1=C(OCC)C=2C=CC=CC2C(OCC)=C1C(=O)O,22,37,-7.6689846486415005,-0.689536497167,6.9794481514745,5.250387681876453,2,2,4.0711366493080305,3.358766213205774,9.550444523948834e-06
22037-61-2,O=C(O)C1=CC=C(C=C)C=C1C(=O)O,14,21,-8.121509982023,-0.9978414897835,7.123668492239499,1.6223599662220465,0,1,12.034363771269597,2.0276651348970836,0.0006823881516941762
137023-78-0,O=C(O)C=1C=C(C(=CC1C(=O)O)CC)CC,16,19,-8.448046602623,-0.570894858349,7.877151744274,2.7758233319143346,0,2,9.589031292225783,2.225284560497251,2.8671476775531893e-05
201730-10-1,O=C(O)C1=CC=C(C=C1C(=O)O)C(N)C(=O)O,17,21,-8.650771421245501,-0.789674394151,7.861097027094502,3.447903074333732,0,1,8.941626164931861,2.440857808871967,4.354301554078356e-05
76284-58-7,O=C(O)C=1C(Cl)=CC=C(C1C(=O)O)C(F)(F)F,17,20,-9.1177187887035,-0.7472246334729999,8.3704941552305,1.7020578368551404,2,0,9.376233894200055,2.1403778364330144,9.012962771719852e-06
82784-82-5,O=C(O)C1=CC=C(O)C(O)=C1C(=O)O,14,19,-8.2153892604455,-0.521914365259,7.6934748951865,5.09748380478055,1,1,5.024258587465425,3.1678794733305655,1.1210141144188022e-05
2384497-19-0,O=C(O)C1=CC(O)=C(N)C=C1C(=O)O,14,20,-7.5503430098235,-0.4791924907305,7.071150519093,5.193790811151331,0,2,5.822321212828129,3.2094085873898512,4.345696626600762e-05
861555-37-5,O=C(O)C1=CC=C(C(OC)=C1C(=O)O)C,15,21,-8.516075065248,-0.63674641017,7.879328655078,3.555195966469359,1,1,7.484230447987329,2.480132788839772,4.1590223860820275e-06
202262-76-8,O=C(O)C=1C=CC=C(NO)C1C(=O)O,14,20,-7.993344358437501,-0.5874938032295001,7.405850555208,5.093633408481612,1,0,5.140976624552124,3.169657750842194,1.3407893762355577e-05
7717-74-0,O=C(O)C1=CC=C(OC2=CC=C(C(=O)O)C(=C2)C(=O)O)C=C1,29,27,-8.1430069762125,-0.7611024398485,7.381904536364001,2.646561678858061,0,1,10.107641676186361,2.2036849159097014,6.53155182638004e-05
1301739-50-3,O=C(O)C1=CC(Cl)=C(C=C1C(=O)O)C(F)(F)F,17,20,-9.078262280381,-1.148864676811,7.929397603570001,4.477490518136247,0,2,7.988447914771044,2.898741124597865,0.000156964447914893
889943-38-8,O=C(O)C1=CC(N)=C(N)C=C1C(=O)O,14,21,-7.136457843213,-0.416878418966,6.719579424247,4.47100074479976,0,2,6.771849488296496,2.8354203781514826,1.797110355921007e-05
84029-87-8,O=C(O)C=1C=C(C(=CC1C(=O)O)C(C)C)C,16,19,-8.433896682397,-0.580146729266,7.853749953131,2.8839448642441137,0,2,9.440893371022412,2.2544279741600493,2.71385704827291e-05
169739-72-4,O=C(O)C1=CC=C(C=C1C(=O)O)NN,14,18,-7.3827208779155,-0.3485778424905,7.034143035425,7.207310746041134,0,1,2.8732903622891683,4.523175665504284,0.00041342936178493175
1236108-27-2,O=C(O)C1=CC(N=NC=2C=C(C(=O)O)C(C(=O)O)=C(C2)C(=O)O)=CC(C(=O)O)=C1C(=O)O,41,40,-8.593899626491,-1.988063791753,6.605835834738,4.255446614634003,1,1,8.615369549579839,2.955796170478245,0.0004730000428479668
1257323-85-5,O=C(O)C1=CC=C(C=C1C(=O)O)C(NC(=O)OC(C=2C=CC=CC2N(=O)=O)C)C(=O)O,31,35,-8.8396184334925,-1.4574417832780002,7.3821766502145,4.685796927951532,0,1,8.17282751450523,3.045353823420301,0.0004035910584420958
830320-86-0,N#CC1=CC=C(C(=O)O)C(=C1)C(=O)O,18,16,-9.1974481469,-1.1665520770935,8.0308960698065,5.715043180939231,0,1,6.212245850938729,3.5782354979742563,0.0003799951480085856
106860-70-2,O=NC1=CC=CC(C(=O)O)=C1C(=O)O,18,17,-8.6850577664085,-2.1897001549735,6.495357611435,3.954174306982432,1,0,9.356649221163451,2.870475928974308,0.0008326177602766428
444288-77-1,O=C(O)C=1C=CC=C(NCC=2C=NC=CC2)C1C(=O)O,20,31,-7.355781606716,-0.6666789337250001,6.689102672991,2.917690819809392,1,0,8.495060394985828,2.2825980490749775,5.2982455101931105e-06
128298-23-7,O=C(O)C=1C(C(=O)O)=C(C(C(=O)O)=C(C(=O)O)C1C(F)(F)F)C(F)(F)F,29,28,-9.716641373654,-1.4190737303575,8.297567643296501,4.640252459726733,2,2,6.1345120441542065,3.128129381769275,4.2296831424214133e-05
1185300-97-3,O=C(O)C=1C=CC=C(NC(=O)OCC2C=3C=CC=CC3C=4C=CC=CC42)C1C(=O)O,30,46,-7.492110645816501,-0.7845042309915,6.707606414825001,2.828921004552796,1,0,8.828792827234878,2.2663616972568756,9.01028453640645e-06
769908-43-2,O=C(O)C1=CC=C(C(N)=C1C(=O)O)C,14,19,-7.414013970722999,-0.58776591708,6.826248053642999,4.04398535852938,1,1,6.671145727871277,2.665123862666636,4.3553860112430654e-06
28749-88-4,O=C(O)C1=C(F)C(F)=C(O)C(F)=C1C(=O)O,16,18,-8.683152969455,-0.7839600032905,7.8991929661645,0.6006952638401605,2,2,11.050464167816344,2.0542922645503965,0.00013243890718007056
51419-12-6,O=C(O)C1=CC=C(OS(=O)(=O)C=2C=CC=CC2)C=C1C(=O)O,22,31,-9.072820003371,-0.894710340444,8.178109662927,6.1861309289409645,0,1,5.112453008419706,3.8451501174280462,0.00033186198332443243
14597-16-1,O=C(O)C1=C(O)C=C2C(=O)C3=C(O)C(O)=C(C(O)=C3C(=O)C2=C1C(=O)O)C4=CC(=CC=C4O)CCN,36,42,-7.661365460827501,-2.161128200671,5.500237260156501,4.049068842338939,2,1,8.135457242947354,3.01199257472664,0.0003313814598361192
6274-40-4,O=C(O)C1=CC(O)=CC(C(=O)O)=C1C(=O)O,21,20,-8.421379445273999,-0.7866811417955001,7.634698303478498,2.565939784952094,1,1,9.229153864425257,2.2016635739180197,1.1507352393091118e-05
1192548-76-7,O=C(O)C1=CC(Br)=CC(Cl)=C1C(=O)O,14,17,-8.75118143208,-1.007365474551,7.743815957529,2.1667953802793654,1,1,10.196122974778248,2.1347986895605,4.593511903781041e-05
597565-48-5,O=C(O)C1=CC=C(C=C1)C=2C=CC=C(C(=O)O)C2C(=O)O,30,29,-8.400154564934999,-0.7812388647855,7.618915700149499,1.704836502424793,1,0,10.512591800163548,2.044992417264405,4.224637714759008e-05
61837-53-4,O=C(O)C=1C=C(C(=O)O)C(=CC1C(=O)O)N(=O)=O,18,22,-9.534325093819,-2.135005271023,7.399319822796001,6.0247326861861685,0,2,7.25764232055279,3.967926975506031,0.0035072364843721435
26190-11-4,O=C(O)C1=CC=C(OC2=CC=C(C=C2)N(=O)=O)C=C1C(=O)O,22,30,-8.3672287890245,-1.7224806736649998,6.6447481153595,6.556791750543859,0,1,5.903832599273002,4.22599521185245,0.002232341573324491
10595-31-0,O=C(O)C1=CC=C(C=C1C(=O)O)S(=O)(=O)C2=CC=C(C(=O)O)C(=C2)C(=O)O,27,31,-9.209421156322,-1.237573792074,7.971847364248001,8.779619449611697,0,1,2.3831031410928034,5.834615798148193,0.006002582460423886
22895-28-9,O=C(O)C=1C=CC=C(N=N(=O)C=2C=CC=C(C(=O)O)C2C(=O)O)C1C(=O)O,27,36,-8.414848712862,-1.69254815011,6.722300562752,4.3124409514798,1,0,8.08127227192773,2.9195770077662564,0.00019816333982550054
945681-55-0,O=C(O)C=1C=C2C(=CC1C(=O)O)C3C=4C=CC=CC4C2C5=CC(C(=O)O)=C(C=C53)C(=O)O,32,35,-7.9432754099455005,-0.8696758661980001,7.0735995437475,4.88565374233582,0,2,6.9263188737343455,3.071698758363483,9.131897480194962e-05
6219-66-5,O=C(O)C1=C(O)C=C2C(=O)C=3C(O)=C(C(C(=O)C)=C(O)C3C(=O)C2=C1C(=O)O)CC,30,38,-7.744904412931,-2.3314714710840003,5.413432941846999,6.994417089364918,2,1,4.329008167214326,4.794250147353103,0.002677028617459696
944-38-7,O=C(O)C1=C(C(=O)O)C(=CC=C1C)C,15,14,-8.323962686795001,-0.458783951943,7.865178734852001,1.6531070171044582,2,0,8.960338071250789,2.120474645104098,2.9975752469221437e-06
63035-28-9,O=C(O)C1=CC(O)=C(OC)C=C1C(=O)O,15,22,-7.875791175021501,-0.5450440425515,7.330747132470001,4.365885319153493,0,2,7.147417048532873,2.792714048501259,2.4436702943623416e-05
4445-49-2,O=C(O)C1=CC=CC(C=2C=CC=CC2)=C1C(=O)O,18,27,-8.1783817767775,-0.618786896037,7.559594880740499,2.2767742488002627,1,0,9.380623590631544,2.1303174876895286,8.288496964221442e-06
61837-54-5,O=C(O)C=1C=C(C(=O)O)C(=CC1N)C(=O)O,18,22,-7.665719282435501,-0.7175642237685,6.948155058667001,7.985781109572188,0,2,2.5087228772043346,5.139268493091931,0.001636781593990732
223387-87-9,O=C(O)C1=CC=C(OC(C)C)C=C1C(=O)O,16,27,-8.090489003065999,-0.52245859296,7.568030410105999,4.3475302253118375,0,1,7.13610164012843,2.783133268672971,2.2531085929786078e-05
144152-92-1,O=C(O)C1=CC=CC(C=2C=CC=CC2C)=C1C(=O)O,19,30,-8.1898105584985,-0.6326647024125001,7.557145856086,2.10002294749367,1,0,9.670365661043292,2.098173635738807,1.144635261378184e-05
94617-43-3,O=C(O)C1=CC=CC(=C1C(=O)O)S(=O)(=O)N,16,20,-9.3462944231235,-0.8416481395965,8.504646283526998,5.165218111561215,1,0,5.465778606227161,3.2290926625417287,2.9987647029645773e-05
67614-42-0,O=C(O)C1=CC=C(C=C1C(=O)O)NC(=O)C,16,20,-8.169946247412,-0.754843821287,7.415102426124999,6.475269812139104,0,1,4.490273939739154,4.025797708028451,0.000344848476960204
40532-23-8,O=C(O)C1=CC=C(OC2=CC=C(N)C=C2)C=C1C(=O)O,20,30,-7.235507284795001,-0.5265403007175,6.708966984077501,5.233600772890496,0,1,5.845203204968584,3.2340838026290544,5.1193903461535994e-05
5466-99-9,O=C(O)C=1C=CC=CC1C(=O)C2=CC=C(C(=O)O)C(=C2)C(=O)O,32,30,-8.8951296589945,-1.3080512793535,7.587078379641,3.9552948512089454,0,1,9.026588225892127,2.6869455682560863,0.00022365934299653587
444288-68-0,O=C(O)C=1C=CC=C(NCC=2SC=CC2)C1C(=O)O,19,29,-7.351972012808999,-0.63674641017,6.715225602638999,2.783925201940598,1,0,8.645926861199001,2.2455641406598525,5.143189239706616e-06
68183-31-3,O=C(O)C1=CC=C(C=C1C(=O)O)C(=O)OCCOC(=O)C(=C)C,23,27,-9.1128207393945,-1.177164517263,7.935656222131501,4.856300834997766,0,1,7.473488076955135,3.0913314224216744,0.00020634096488298444
444288-59-9,O=C(O)C=1C=CC=C(NCC=2OC(=CC2)C)C1C(=O)O,20,32,-7.30897802443,-0.646542508788,6.662435515642,3.9658985841798833,1,0,6.887536515514427,2.6366513216185408,5.0911044965331535e-06
23602-85-9,O=C(O)C1=CC=C(C=C1C(=O)O)C(=O)C2=CC=C(C=C2)C(=O)C3=CC=C(C(=O)O)C(=C3)C(=O)O,34,38,-8.8891431542835,-1.6569012356945,7.232241918589001,6.0251878460343455,0,1,6.542933010421933,3.8566872498368396,0.0013732403994518513
134960-68-2,O=C(O)C1=CC=C2C(=C1C(=O)O)C(C=3C=CC=CC3)(C)CC2(C)C,24,27,-8.1223263235745,-0.5238191622125,7.598507161362,3.37222685773066,1,1,7.565116074588914,2.4116447141065227,2.645683460240523e-06
296779-99-2,O=C(O)C=1C=CC=C(C=C)C1C(=O)O,14,21,-8.285866747725,-0.5738881107045001,7.711978637020501,2.1923411185305994,1,0,9.43114258669496,2.1120606831414848,7.785858187482213e-06
213611-98-4,N#CC=1C=C(C(=O)O)C(=CC1C#N)C(=O)O,17,19,-9.493508016244,-1.824251253752,7.669256762492,9.403363456763756,0,2,2.543296238007585,6.449660129599474,0.01622041339523707
312303-68-7,O=C(O)C=1C=CC=C(NN)C1C(=O)O,14,21,-7.338366320283999,-0.635113727067,6.703252593216999,3.711156040912319,1,0,7.247899263802566,2.5366808488155073,4.315791979723612e-06
52287-38-4,O=C(O)C=1C=C2N=CC=CC2=CC1C(=O)O,16,22,-8.380834481549499,-0.998113603634,7.382720877915499,3.950380798100356,0,2,8.530508873039594,2.6482654155530163,8.529707997370932e-05
855764-12-4,O=C(O)C1=CC=C2N=CC=CC2=C1C(=O)O,16,22,-8.3601538289115,-1.1997499668545,7.160403862057,4.3392694615568645,1,1,7.2575131731485385,2.8520651499294494,4.2147314334824854e-05
1243400-32-9,O=C(O)C1=CC=C(OC2CC2)C=C1C(=O)O,16,25,-8.172395272066499,-0.5181047713520001,7.654290500714499,3.267130883512321,0,1,8.75334276224487,2.3645099137902217,1.758533833303382e-05
89939-49-1,O=C(O)C1=CC(N)=C(C=C1C(=O)O)N(=O)=O,16,21,-7.971847364248,-1.8000331210575,6.1718142431905,8.187273193194423,0,2,3.9045007414330115,5.458469363692494,0.007565535820454217
167993-09-1,O=C(O)C1=CC=2C=CNC2C=C1C(=O)O,15,21,-7.5971465921095,-0.3790545937465,7.218091998363,5.27677297597689,0,2,5.532866545316963,3.251610338831215,3.720632406843433e-05
927672-46-6,O=C(O)C=1C=CC=C(NCC2CC2)C1C(=O)O,17,29,-7.2118333798015,-0.6326647024125001,6.579168677389,3.81978952430628,1,0,7.0814631621594515,2.5778326812646553,4.475632948610313e-06
2227312-00-5,O=C(O)C1=CC=C(F)C(=C1C(=O)O)N(=O)=O,16,19,-9.368335645014,-1.9241170368855,7.4442186081285,5.294087084663417,1,1,7.008363818399886,3.4806965756157418,0.000615597984021627
113006-47-6,O=C(O)C1=CC=C(OC2=CC=CC(N)=C2)C=C1C(=O)O,20,30,-7.323127944656001,-0.597562015698,6.725565928958001,4.169239722059646,0,1,7.530142383597891,2.7080952275051557,2.561589411022487e-05
1826827-36-4,O=C(O)C=1C=CC=C(OC2=CC=CC(C(=O)O)=C2C(=O)O)C1,30,29,-8.14708868397,-0.8411039118955,7.305984772074501,3.444448328832935,1,0,7.996989589530301,2.4561637499385327,8.934980627122628e-06
198330-12-0,O=C(O)C1=CC=C(OC2=CC=CC(C(=O)O)=C2C(=O)O)C=C1,29,28,-8.2251853590635,-0.788585938749,7.436599420314501,3.0703254827460884,1,0,8.471591630605943,2.333667918115098,7.945589055847048e-06
905273-60-1,O=C(O)C1=CC(F)=C(C=C1C(=O)O)C(F)(F)F,17,20,-9.2505103477475,-0.956208070657,8.2943022770905,4.875489196993467,0,2,7.084371727475968,3.0750917151457178,0.000114775971370652
159113-89-0,O=C(O)C=1C=C2C=C3C=C(C(=O)O)C(=CC3=CC2=CC1C(=O)O)C(=O)O,26,34,-7.383809333317499,-1.558123907963,5.825685425354499,4.548705602696222,0,2,8.533882161536809,2.994199739254043,0.0005055136186933795
72066-79-6,O=C(O)C1=CC=C(OC2=CC=C(C=C2)C(C3=CC=C(OC4=CC=CC(C(=O)O)=C4C(=O)O)C=C3)(C)C)C=C1C(=O)O,41,64,-7.7544283976985,-0.7284487777884999,7.02597961991,3.963998128152938,0,1,8.05983468825697,2.6303754527292442,3.597736612814459e-05
102653-80-5,O=C(O)C=1C=C(C=C(C1C(=O)O)C)C,14,17,-8.4314476577425,-0.5444998148505,7.886947842892001,2.7306638698309245,1,1,8.568242074642228,2.22748354449421,3.683588976978325e-06
22895-22-3,O=C(O)C1=CC=C(OCC)C=C1C(=O)O,15,24,-8.142734862362,-0.479464604581,7.663270257780999,3.8600037422261657,0,1,7.791440214315372,2.573982594092766,1.540116072122025e-05
113665-35-3,O=C(O)C1=CC(O)=C(C(=O)O)C(=C1)C(=O)O,21,19,-8.3895421247655,-1.418801616507,6.9707405082584994,2.650497021315059,1,1,10.132710658880612,2.2826624356396326,0.00011853338900629472
1073323-68-8,O=C(O)C=1C(F)=CC=C(C1C(=O)O)C,14,17,-8.572674746152,-0.6468146226385,7.9258601235135,3.391717886263537,2,0,6.682685144857402,2.5227687411740862,1.2945975593097104e-06
1073323-66-6,O=C(O)C1=CC(F)=CC(=C1C(=O)O)C,14,17,-8.703833622092999,-0.7031421896919999,8.000691432400998,3.347824589192212,1,1,7.9088958775761995,2.4137841636749475,5.2975907541711405e-06
955-04-4,O=C(O)C1=CC(O)=C(C(=O)O)C(=C1C(=O)O)C,17,21,-8.2915811385855,-1.1423339443990002,7.149247194186499,4.267127188167702,1,2,7.270232589639804,2.8119725130900277,3.349232981027001e-05
165730-64-3,O=C(O)C=1C=C(F)C=C(F)C1C(=O)O,14,17,-8.977035927995,-0.904506439062,8.072529488933,1.6192773758686312,1,1,10.844037219620105,2.0416234036062546,8.046978277070167e-05
203194-63-2,O=C(O)C=1C=CC=C(NCC)C1C(=O)O,15,25,-7.1857104501535005,-0.6027321788575,6.5829782712960005,3.9634609699100105,1,0,6.816329342823636,2.6329511457221844,4.350442549186747e-06
13133-05-6,O=C(O)C=1C=C(OC)C=C(OC)C1C(=O)O,16,25,-7.931574514374001,-0.633481043964,7.29809347041,3.298583686978397,1,1,7.864182840924229,2.393527293276173,4.062476576006661e-06
64019-77-8,O=C(O)C=1C(OC)=CC=C(OC)C1C(=O)O,16,25,-7.550615123674,-0.5347037162325,7.0159114074415,5.692600029863331,2,0,3.2067328549143923,3.6053731517887253,1.276967931185442e-05
53659-79-3,O=C(Cl)C1=CC=C(C(=O)O)C(=C1)C(=O)O,19,17,-9.3326887305985,-1.590777570023,7.7419111605754996,4.798223981849952,0,1,8.21496409334351,3.125995074001478,0.0005987274319621087
